Section,Category,Item name,File to replace,Aspect ratio,Size (px)
Fast Food,Burgers & Fries,Patty Burger,assets/placeholders/fast-food/burgers-fries/patty-burger.jpg,3:2,900 x 600
Fast Food,Burgers & Fries,Mighty Zing,assets/placeholders/fast-food/burgers-fries/mighty-zing.jpg,3:2,900 x 600
Fast Food,Burgers & Fries,Special Zing,assets/placeholders/fast-food/burgers-fries/special-zing.jpg,3:2,900 x 600
Fast Food,Burgers & Fries,Fried Chicken (05 Pcs),assets/placeholders/fast-food/burgers-fries/fried-chicken-5.jpg,3:2,900 x 600
Fast Food,Burgers & Fries,Fried Chicken (02 Pcs),assets/placeholders/fast-food/burgers-fries/fried-chicken-2.jpg,3:2,900 x 600
Fast Food,Burgers & Fries,Fries (Regular),assets/placeholders/fast-food/burgers-fries/fries-regular.jpg,3:2,900 x 600
Fast Food,Burgers & Fries,Fries (Jumbo),assets/placeholders/fast-food/burgers-fries/fries-jumbo.jpg,3:2,900 x 600
Fast Food,Wraps,Tender Wrap,assets/placeholders/fast-food/wraps/tender-wrap.jpg,3:2,900 x 600
Fast Food,Wraps,Special Wrap,assets/placeholders/fast-food/wraps/special-wrap.jpg,3:2,900 x 600
Fast Food,Family Deals,Deal 1,assets/placeholders/fast-food/family-deals/deal-1.jpg,3:2,900 x 600
Fast Food,Family Deals,Deal 2,assets/placeholders/fast-food/family-deals/deal-2.jpg,3:2,900 x 600
Fast Food,Family Deals,Deal 3,assets/placeholders/fast-food/family-deals/deal-3.jpg,3:2,900 x 600
Fast Food,Family Deals,Deal 4,assets/placeholders/fast-food/family-deals/deal-4.jpg,3:2,900 x 600
Fast Food,Family Deals,Deal 5,assets/placeholders/fast-food/family-deals/deal-5.jpg,3:2,900 x 600
Fast Food,Family Deals,Kids Deal,assets/placeholders/fast-food/family-deals/kids-deal.jpg,3:2,900 x 600
Fast Food,Starters,Chicken Wings (6 Pcs),assets/placeholders/fast-food/starters/chicken-wings.jpg,3:2,900 x 600
Fast Food,Starters,Spin Rolls (4 Pcs),assets/placeholders/fast-food/starters/spin-rolls.jpg,3:2,900 x 600
Fast Food,Starters,Garlic Breads,assets/placeholders/fast-food/starters/garlic-breads.jpg,3:2,900 x 600
Fast Food,Starters,Garlic Bread with Cheese,assets/placeholders/fast-food/starters/garlic-bread-cheese.jpg,3:2,900 x 600
Fast Food,Starters,Potato Wedges,assets/placeholders/fast-food/starters/potato-wedges.jpg,3:2,900 x 600
Fast Food,Starters,Starter Platter,assets/placeholders/fast-food/starters/starter-platter.jpg,3:2,900 x 600
Fast Food,Starters,Nuggets (6 Pcs),assets/placeholders/fast-food/starters/nuggets.jpg,3:2,900 x 600
Fast Food,Pasta & Sandwich,The Staker,assets/placeholders/fast-food/pasta-sandwich/the-staker.jpg,3:2,900 x 600
Fast Food,Pasta & Sandwich,Max Sandwich,assets/placeholders/fast-food/pasta-sandwich/max-sandwich.jpg,3:2,900 x 600
Fast Food,Pasta & Sandwich,Loaded Crunchy Pasta,assets/placeholders/fast-food/pasta-sandwich/loaded-crunchy-pasta.jpg,3:2,900 x 600
Fast Food,Slush,Mango Slush,assets/placeholders/fast-food/slush/mango-slush.jpg,3:2,900 x 600
Fast Food,Slush,Strawberry Slush,assets/placeholders/fast-food/slush/strawberry-slush.jpg,3:2,900 x 600
Fast Food,Slush,Blue Berry Slush,assets/placeholders/fast-food/slush/blueberry-slush.jpg,3:2,900 x 600
Fast Food,Classic Pizzas,Cheese Lover,assets/placeholders/fast-food/classic-pizzas/cheese-lover.jpg,3:2,900 x 600
Fast Food,Classic Pizzas,Chicken Tikka,assets/placeholders/fast-food/classic-pizzas/chicken-tikka.jpg,3:2,900 x 600
Fast Food,Classic Pizzas,Spicy Scilian,assets/placeholders/fast-food/classic-pizzas/spicy-scilian.jpg,3:2,900 x 600
Fast Food,Classic Pizzas,Behari Pizza,assets/placeholders/fast-food/classic-pizzas/behari-pizza.jpg,3:2,900 x 600
Fast Food,Classic Pizzas,Afghani Tikka,assets/placeholders/fast-food/classic-pizzas/afghani-tikka.jpg,3:2,900 x 600
Fast Food,Classic Pizzas,Veggie Lover,assets/placeholders/fast-food/classic-pizzas/veggie-lover.jpg,3:2,900 x 600
Fast Food,Classic Pizzas,Chicken Fajita,assets/placeholders/fast-food/classic-pizzas/chicken-fajita.jpg,3:2,900 x 600
Fast Food,Classic Pizzas,Creamy Pizza,assets/placeholders/fast-food/classic-pizzas/creamy-pizza.jpg,3:2,900 x 600
Fast Food,Classic Pizzas,Peperoni,assets/placeholders/fast-food/classic-pizzas/peperoni.jpg,3:2,900 x 600
Fast Food,Special Pizzas,Chicken OverLoaded,assets/placeholders/fast-food/special-pizzas/chicken-overloaded.jpg,3:2,900 x 600
Fast Food,Special Pizzas,Kabab Bytes,assets/placeholders/fast-food/special-pizzas/kabab-bytes.jpg,3:2,900 x 600
Fast Food,Special Pizzas,Crust Special Pizza,assets/placeholders/fast-food/special-pizzas/crust-special.jpg,3:2,900 x 600
Fast Food,Special Pizzas,Special Doner Pizza,assets/placeholders/fast-food/special-pizzas/special-doner.jpg,3:2,900 x 600
Desi Items,Traditional Breakfast,Small Paye Single,assets/placeholders/desi-items/traditional-breakfast/payee-single.jpg,3:2,900 x 600
Desi Items,Traditional Breakfast,Murgh Channy,assets/placeholders/desi-items/traditional-breakfast/murgh-channy.jpg,3:2,900 x 600
Desi Items,Traditional Breakfast,Shahi Channy,assets/placeholders/desi-items/traditional-breakfast/shahi-channy.jpg,3:2,900 x 600
Desi Items,Traditional Breakfast,Sada Channy,assets/placeholders/desi-items/traditional-breakfast/sada-channy.jpg,3:2,900 x 600
Desi Items,Traditional Breakfast,Omelette,assets/placeholders/desi-items/traditional-breakfast/omelette.jpg,3:2,900 x 600
Desi Items,Traditional Breakfast,Fry Anda,assets/placeholders/desi-items/traditional-breakfast/fry-anda.jpg,3:2,900 x 600
Desi Items,Traditional Breakfast,Lassi,assets/placeholders/desi-items/traditional-breakfast/lassi.jpg,3:2,900 x 600
Desi Items,Pulao,Special Murgh Pulao (Single),assets/placeholders/desi-items/pulao/special-murgh-pulao-single.jpg,3:2,900 x 600
Desi Items,Pulao,Special Murgh Pulao (Double),assets/placeholders/desi-items/pulao/special-murgh-pulao-double.jpg,3:2,900 x 600
Desi Items,Desi Butt Karahi,Desi Chicken Karahi (Full),assets/placeholders/desi-items/desi-butt-karahi/desi-chicken-karahi-full.jpg,3:2,900 x 600
Desi Items,Desi Butt Karahi,Desi Chicken Karahi (Half),assets/placeholders/desi-items/desi-butt-karahi/desi-chicken-karahi-half.jpg,3:2,900 x 600
Desi Items,Desi Butt Karahi,Mutton Karahi (Full),assets/placeholders/desi-items/desi-butt-karahi/mutton-karahi-full.jpg,3:2,900 x 600
Desi Items,Desi Butt Karahi,Mutton Karahi (Half),assets/placeholders/desi-items/desi-butt-karahi/mutton-karahi-half.jpg,3:2,900 x 600
Desi Items,Desi Butt Karahi,Mutton Qeema (Full),assets/placeholders/desi-items/desi-butt-karahi/mutton-qeema-full.jpg,3:2,900 x 600
Desi Items,Desi Butt Karahi,Mutton Qeema (Half),assets/placeholders/desi-items/desi-butt-karahi/mutton-qeema-half.jpg,3:2,900 x 600
Desi Items,Desi Butt Karahi,Broiler Chicken Karahi (Full),assets/placeholders/desi-items/desi-butt-karahi/broiler-karahi-full.jpg,3:2,900 x 600
Desi Items,Desi Butt Karahi,Broiler Chicken Karahi (Half),assets/placeholders/desi-items/desi-butt-karahi/broiler-karahi-half.jpg,3:2,900 x 600
Desi Items,Desi Butt Karahi,Makhan 1 kg,assets/placeholders/desi-items/desi-butt-karahi/makhan-1kg.jpg,3:2,900 x 600
Desi Items,Desi Butt Karahi,Makhan Half kg,assets/placeholders/desi-items/desi-butt-karahi/makhan-half.jpg,3:2,900 x 600
Desi Items,Special Handi & Traditional Daal Vegetable,Chicken Jalfrezi,assets/placeholders/desi-items/special-handi-traditional-daal-vegetable/chicken-jalfrezi.jpg,3:2,900 x 600
Desi Items,Special Handi & Traditional Daal Vegetable,Chicken Handi,assets/placeholders/desi-items/special-handi-traditional-daal-vegetable/chicken-handi.jpg,3:2,900 x 600
Desi Items,Special Handi & Traditional Daal Vegetable,Makhni Handi,assets/placeholders/desi-items/special-handi-traditional-daal-vegetable/makhni-handi.jpg,3:2,900 x 600
Desi Items,Special Handi & Traditional Daal Vegetable,Chicken Ginger,assets/placeholders/desi-items/special-handi-traditional-daal-vegetable/chicken-ginger.jpg,3:2,900 x 600
Desi Items,Special Handi & Traditional Daal Vegetable,Chicken Achari Handi,assets/placeholders/desi-items/special-handi-traditional-daal-vegetable/chicken-achari-handi.jpg,3:2,900 x 600
Desi Items,Special Handi & Traditional Daal Vegetable,Kabab Masala,assets/placeholders/desi-items/special-handi-traditional-daal-vegetable/kabab-masala.jpg,3:2,900 x 600
Desi Items,Special Handi & Traditional Daal Vegetable,Daal Mash,assets/placeholders/desi-items/special-handi-traditional-daal-vegetable/daal-mash.jpg,3:2,900 x 600
Desi Items,Special Handi & Traditional Daal Vegetable,Shahi Daal,assets/placeholders/desi-items/special-handi-traditional-daal-vegetable/shahi-daal.jpg,3:2,900 x 600
Desi Items,Special Handi & Traditional Daal Vegetable,Mix Vegetable,assets/placeholders/desi-items/special-handi-traditional-daal-vegetable/mix-vegetable.jpg,3:2,900 x 600
Desi Items,Special Handi & Traditional Daal Vegetable,Desi Murgh Qorma,assets/placeholders/desi-items/special-handi-traditional-daal-vegetable/desi-murgh-qorma.jpg,3:2,900 x 600
Desi Items,Special Handi & Traditional Daal Vegetable,Palak Gosht & Qeema Karela,assets/placeholders/desi-items/special-handi-traditional-daal-vegetable/palak-gosht-qeema-karela.jpg,3:2,900 x 600
Desi Items,Tandoori Variety,Roghni Naan,assets/placeholders/desi-items/tandoori-variety/rogni-naan.jpg,3:2,900 x 600
Desi Items,Tandoori Variety,Kalwanji Naan,assets/placeholders/desi-items/tandoori-variety/kalwanji-naan.jpg,3:2,900 x 600
Desi Items,Tandoori Variety,Garlic Naan,assets/placeholders/desi-items/tandoori-variety/garlic-naan.jpg,3:2,900 x 600
Desi Items,Tandoori Variety,Plain Naan,assets/placeholders/desi-items/tandoori-variety/plain-naan.jpg,3:2,900 x 600
Desi Items,Tandoori Variety,Per Head Roti,assets/placeholders/desi-items/tandoori-variety/per-head-roti.jpg,3:2,900 x 600
Desi Items,Tandoori Variety,Tandoori Paratha,assets/placeholders/desi-items/tandoori-variety/tandoori-paratha.jpg,3:2,900 x 600
Desi Items,Special Doodh Patti,Special Doodh Patti,assets/placeholders/desi-items/special-doodh-patti/special-doodh-patti.jpg,3:2,900 x 600
Desi Items,Special Doodh Patti,Green Tea,assets/placeholders/desi-items/special-doodh-patti/green-tea.jpg,3:2,900 x 600
Desi Items,Special Doodh Patti,Peshawari Qehwa,assets/placeholders/desi-items/special-doodh-patti/peshawari-qehwa.jpg,3:2,900 x 600
Desi Items,Soft Drinks,Cold Drink 1.5L,assets/placeholders/desi-items/soft-drinks/cold-drink-1-5l.jpg,3:2,900 x 600
Desi Items,Soft Drinks,Mineral Water (L),assets/placeholders/desi-items/soft-drinks/mineral-water-l.jpg,3:2,900 x 600
Desi Items,Soft Drinks,Mineral Water (S),assets/placeholders/desi-items/soft-drinks/mineral-water-s.jpg,3:2,900 x 600
Desi Items,Soft Drinks,Can,assets/placeholders/desi-items/soft-drinks/can.jpg,3:2,900 x 600
Desi Items,Soft Drinks,Mint Margarita,assets/placeholders/desi-items/soft-drinks/mint-margarita.jpg,3:2,900 x 600
Desi Items,Soft Drinks,Fresh Lime,assets/placeholders/desi-items/soft-drinks/fresh-lime.jpg,3:2,900 x 600
Desi Items,Bar-B-Q,Chicken Tikka Leg / Chest,assets/placeholders/desi-items/bar-b-q/chicken-tikka-leg.jpg,3:2,900 x 600
Desi Items,Bar-B-Q,Chicken Boti (12 Pcs),assets/placeholders/desi-items/bar-b-q/chicken-boti.jpg,3:2,900 x 600
Desi Items,Bar-B-Q,Malai Boti (12 Pcs),assets/placeholders/desi-items/bar-b-q/malai-boti.jpg,3:2,900 x 600
Desi Items,Bar-B-Q,Peshawari Boti (12 Pcs),assets/placeholders/desi-items/bar-b-q/peshawari-boti.jpg,3:2,900 x 600
Desi Items,Bar-B-Q,Green Boti (12 Pcs),assets/placeholders/desi-items/bar-b-q/green-boti.jpg,3:2,900 x 600
Desi Items,Bar-B-Q,Mutton Namkeen Tikka (1 Kg),assets/placeholders/desi-items/bar-b-q/mutton-namkeen-tikka.jpg,3:2,900 x 600
Desi Items,Bar-B-Q,Beef Kabab (4 Pcs),assets/placeholders/desi-items/bar-b-q/beef-kabab.jpg,3:2,900 x 600
Desi Items,Bar-B-Q,Reshmi Kabab,assets/placeholders/desi-items/bar-b-q/reshmi-kabab.jpg,3:2,900 x 600
Desi Items,Bar-B-Q,Mutton Kabab,assets/placeholders/desi-items/bar-b-q/mutton-kabab.jpg,3:2,900 x 600
Desi Items,Bar-B-Q,Bar-B-Q Platter,assets/placeholders/desi-items/bar-b-q/bar-b-q-platter.jpg,3:2,900 x 600
Desi Items,Salad & Raita,Fresh Salad,assets/placeholders/desi-items/salad-raita/fresh-salad.jpg,3:2,900 x 600
Desi Items,Salad & Raita,Russian Salad,assets/placeholders/desi-items/salad-raita/russian-salad.jpg,3:2,900 x 600
Desi Items,Salad & Raita,Kachumer Salad,assets/placeholders/desi-items/salad-raita/kachumer-salad.jpg,3:2,900 x 600
Desi Items,Salad & Raita,Zeera Raita,assets/placeholders/desi-items/salad-raita/zeera-raita.jpg,3:2,900 x 600
Desi Items,Salad & Raita,Mint Raita,assets/placeholders/desi-items/salad-raita/mint-raita.jpg,3:2,900 x 600
Desi Items,Ice Cream Shake,Mango Shake,assets/placeholders/desi-items/ice-cream-shake/mango-shake.jpg,3:2,900 x 600
Desi Items,Ice Cream Shake,Vanilla Shake,assets/placeholders/desi-items/ice-cream-shake/vanilla-shake.jpg,3:2,900 x 600
Desi Items,Ice Cream Shake,Chocolate Shake,assets/placeholders/desi-items/ice-cream-shake/chocolate-shake.jpg,3:2,900 x 600
Desi Items,Ice Cream Shake,Coconut Shake,assets/placeholders/desi-items/ice-cream-shake/coconut-shake.jpg,3:2,900 x 600
Desi Items,Ice Cream Shake,Strawberry Shake,assets/placeholders/desi-items/ice-cream-shake/strawberry-shake.jpg,3:2,900 x 600
Desi Items,Fresh Shake,Mango Fresh Shake,assets/placeholders/desi-items/fresh-shake/mango-fresh-shake.jpg,3:2,900 x 600
Desi Items,Fresh Shake,Kheer Banana Shake,assets/placeholders/desi-items/fresh-shake/kheer-banana-shake.jpg,3:2,900 x 600
Desi Items,Fresh Shake,Special Kheer Banana Date Shake,assets/placeholders/desi-items/fresh-shake/special-kheer-banana-date.jpg,3:2,900 x 600
Desi Items,Fresh Shake,Banana Shake,assets/placeholders/desi-items/fresh-shake/banana-shake.jpg,3:2,900 x 600
Desi Items,Fresh Shake,Apple Banana Shake,assets/placeholders/desi-items/fresh-shake/apple-banana-shake.jpg,3:2,900 x 600
Desi Items,Ice Cream,Special Kheer,assets/placeholders/desi-items/ice-cream/special-kheer.jpg,3:2,900 x 600
Desi Items,Ice Cream,Ice Cream Single,assets/placeholders/desi-items/ice-cream/ice-cream-single.jpg,3:2,900 x 600
Desi Items,Ice Cream,Ice Cream Double,assets/placeholders/desi-items/ice-cream/ice-cream-double.jpg,3:2,900 x 600
Homepage slider,Homepage slider – slide 2,Pizza Crust,assets/placeholders/slider/slider-2.jpg,1600:650,1600 x 650
Homepage slider,Homepage slider – slide 3,Burgers and Wraps,assets/placeholders/slider/slider-3.jpg,1600:650,1600 x 650
Homepage slider,Homepage slider – slide 4,Desi Karahi,assets/placeholders/slider/slider-4.jpg,1600:650,1600 x 650
Homepage slider,Homepage slider – slide 5,BBQ and Tandoor,assets/placeholders/slider/slider-5.jpg,1600:650,1600 x 650
Fallback (shown if any image file is missing),,Photo coming soon,assets/placeholders/coming-soon.jpg,3:2,900 x 600
